Workbook

Sheet Summary
A1: Customer Data Quality Check – monthly routine
A2: Practice data. Orange columns are automatic checks; you only paste new data into the white columns.
A4: DATA QUALITY | D4: MONTHLY ROUTINE (about 15 min)
A5: Customer records in source | B5: =COUNTA(Customers_Raw!A2:A21) -> 20 | D5: 1. Paste the new customer export into Customers_Raw (columns A–D)
A6: Real customers (master) | B6: =COUNTA(Customer_Master!A2:A13) -> 12 | D6: 2. Paste the new bookings into Bookings (columns A–F)
A7: Duplicate records | B7: =B5-B6 -> 8 | D7: 3. Add new customer IDs to Mapping (or ask the data owner)
A8: Duplicate rate | B8: =IF(B5=0,0,B7/B5) -> 0.4 | D8: 4. Filter Customers_Raw › Status = "To fix"
A9: Flagged by the match-key rule | B9: =COUNTIF(Customers_Raw!F2:F21,"Possible duplicate") -> 13 | D9: 5. Send the to-fix list to the sales owners
A10: Country missing or non-standard | B10: =COUNTIF(Customers_Raw!H2:H21,"<>OK") -> 8 | D10: 6. Note the KPIs on the left, so you can see the trend month by month
A11: Sales owner missing | B11: =COUNTIF(Customers_Raw!I2:I21,"Missing owner") -> 3
A12: Records to fix (any issue) | B12: =COUNTIF(Customers_Raw!L2:L21,"To fix") -> 15
A13: BOOKINGS
A14: Bookings | B14: =COUNTA(Bookings!A2:A389) -> 388
A15: Total revenue | B15: =SUM(Bookings!F2:F389) -> 5337292
A16: Unmatched bookings | B16: =COUNTIF(Bookings!G2:G389,"UNMATCHED") -> 18
A17: Unmatched revenue % | B17: =IF(B15=0,0,SUMIFS(Bookings!F2:F389,Bookings!G2:G389,"UNMATCHED")/B15) -> 0.02759864
A18: Check: clean view + unmatched = total | B18: =IF(ABS(SUM(Customer_Master!G2:G13)+SUMIFS(Bookings!F2:F389,Bookings!G2:G389,"UNMATCHED")-B15)<1,"OK – totals match","CHECK!") -> OK – totals match
A19: WHY IT MATTERS
A20: #1 customer – raw view | B20: =INDEX(Customers_Raw!B2:B21,MATCH(1,Customers_Raw!K2:K21,0)) -> Shanghai Textiles Co
A21: #1 customer – clean view | B21: =INDEX(Customer_Master!B2:B13,MATCH(1,Customer_Master!H2:H13,0)) -> Nordic Foods AB
A22: Top-4 share – raw view | B22: =SUMPRODUCT((Customers_Raw!K2:K21<=4)*Customers_Raw!J2:J21)/B15 -> 0.30586447
A23: Top-4 share – clean view | B23: =SUMPRODUCT((Customer_Master!H2:H13<=4)*Customer_Master!G2:G13)/B15 -> 0.46589244

Sheet Customers_Raw
A1: CustomerID | B1: CustomerName | C1: Country | D1: SalesOwner | E1: Match key | F1: Duplicate check | G1: Country (ISO) | H1: Country check | I1: Owner check | J1: Revenue (raw view) | K1: Rank (raw view) | L1: Status
A2: C001 | B2: Nordic Foods AB | C2: SE | D2: Lena Berg | E2: =IFERROR(LEFT(UPPER(TRIM(SUBSTITUTE(SUBSTITUTE(B2,".",""),",",""))),FIND(" ",UPPER(TRIM(SUBSTITUTE(SUBSTITUTE(B2,".",""),",",""))),FIND(" ",UPPER(TRIM(SUBSTITUTE(SUBSTITUTE(B2,".",""),",",""))))+1)-1),UPPER(TRIM(SUBSTITUTE(SUBSTITUTE(B2,".",""),",","")))) -> NORDIC FOODS | F2: =IF(COUNTIF($E$2:$E$21,E2)>1,"Possible duplicate","OK") -> Possible duplicate | G2: =IF(TRIM(C2)="","",IFERROR(INDEX(Country_Map!$B$2:$B$100,MATCH(C2,Country_Map!$A$2:$A$100,0)),"?")) -> SE | H2: =IF(TRIM(C2)="","Missing",IF(G2="?","Unknown value",IF(EXACT(C2,G2),"OK","Non-standard"))) -> OK | I2: =IF(TRIM(D2)="","Missing owner","OK") -> OK | J2: =SUMIFS(Bookings!$F:$F,Bookings!$B:$B,A2) -> 363254 | K2: =RANK(J2,$J$2:$J$21) -> 3 | L2: =IF(AND(F2="OK",H2="OK",I2="OK"),"Clean","To fix") -> To fix
A3: C002 | B3: NORDIC FOODS A.B. | C3: Sweden | E3: =IFERROR(LEFT(UPPER(TRIM(SUBSTITUTE(SUBSTITUTE(B3,".",""),",",""))),FIND(" ",UPPER(TRIM(SUBSTITUTE(SUBSTITUTE(B3,".",""),",",""))),FIND(" ",UPPER(TRIM(SUBSTITUTE(SUBSTITUTE(B3,".",""),",",""))))+1)-1),UPPER(TRIM(SUBSTITUTE(SUBSTITUTE(B3,".",""),",","")))) -> NORDIC FOODS | F3: =IF(COUNTIF($E$2:$E$21,E3)>1,"Possible duplicate","OK") -> Possible duplicate | G3: =IF(TRIM(C3)="","",IFERROR(INDEX(Country_Map!$B$2:$B$100,MATCH(C3,Country_Map!$A$2:$A$100,0)),"?")) -> SE | H3: =IF(TRIM(C3)="","Missing",IF(G3="?","Unknown value",IF(EXACT(C3,G3),"OK","Non-standard"))) -> Non-standard | I3: =IF(TRIM(D3)="","Missing owner","OK") -> Missing owner | J3: =SUMIFS(Bookings!$F:$F,Bookings!$B:$B,A3) -> 211932 | K3: =RANK(J3,$J$2:$J$21) -> 15 | L3: =IF(AND(F3="OK",H3="OK",I3="OK"),"Clean","To fix") -> To fix
A4: C003 | B4: Nordic Foods | C4: Schweden | D4: Lena Berg | E4: =IFERROR(LEFT(UPPER(TRIM(SUBSTITUTE(SUBSTITUTE(B4,".",""),",",""))),FIND(" ",UPPER(TRIM(SUBSTITUTE(SUBSTITUTE(B4,".",""),",",""))),FIND(" ",UPPER(TRIM(SUBSTITUTE(SUBSTITUTE(B4,".",""),",",""))))+1)-1),UPPER(TRIM(SUBSTITUTE(SUBSTITUTE(B4,".",""),",","")))) -> NORDIC FOODS | F4: =IF(COUNTIF($E$2:$E$21,E4)>1,"Possible duplicate","OK") -> Possible duplicate | G4: =IF(TRIM(C4)="","",IFERROR(INDEX(Country_Map!$B$2:$B$100,MATCH(C4,Country_Map!$A$2:$A$100,0)),"?")) -> SE | H4: =IF(TRIM(C4)="","Missing",IF(G4="?","Unknown value",IF(EXACT(C4,G4),"OK","Non-standard"))) -> Non-standard | I4: =IF(TRIM(D4)="","Missing owner","OK") -> OK | J4: =SUMIFS(Bookings!$F:$F,Bookings!$B:$B,A4) -> 257260 | K4: =RANK(J4,$J$2:$J$21) -> 7 | L4: =IF(AND(F4="OK",H4="OK",I4="OK"),"Clean","To fix") -> To fix
A5: C004 | B5: Alpha Logistics GmbH | C5: DE | D5: Jonas Weber | E5: =IFERROR(LEFT(UPPER(TRIM(SUBSTITUTE(SUBSTITUTE(B5,".",""),",",""))),FIND(" ",UPPER(TRIM(SUBSTITUTE(SUBSTITUTE(B5,".",""),",",""))),FIND(" ",UPPER(TRIM(SUBSTITUTE(SUBSTITUTE(B5,".",""),",",""))))+1)-1),UPPER(TRIM(SUBSTITUTE(SUBSTITUTE(B5,".",""),",","")))) -> ALPHA LOGISTICS | F5: =IF(COUNTIF($E$2:$E$21,E5)>1,"Possible duplicate","OK") -> Possible duplicate | G5: =IF(TRIM(C5)="","",IFERROR(INDEX(Country_Map!$B$2:$B$100,MATCH(C5,Country_Map!$A$2:$A$100,0)),"?")) -> DE | H5: =IF(TRIM(C5)="","Missing",IF(G5="?","Unknown value",IF(EXACT(C5,G5),"OK","Non-standard"))) -> OK | I5: =IF(TRIM(D5)="","Missing owner","OK") -> OK | J5: =SUMIFS(Bookings!$F:$F,Bookings!$B:$B,A5) -> 251824 | K5: =RANK(J5,$J$2:$J$21) -> 9 | L5: =IF(AND(F5="OK",H5="OK",I5="OK"),"Clean","To fix") -> To fix
A6: C005 | B6: Alpha Logistics G.m.b.H. | C6: Germany | D6: Jonas Weber | E6: =IFERROR(LEFT(UPPER(TRIM(SUBSTITUTE(SUBSTITUTE(B6,".",""),",",""))),FIND(" ",UPPER(TRIM(SUBSTITUTE(SUBSTITUTE(B6,".",""),",",""))),FIND(" ",UPPER(TRIM(SUBSTITUTE(SUBSTITUTE(B6,".",""),",",""))))+1)-1),UPPER(TRIM(SUBSTITUTE(SUBSTITUTE(B6,".",""),",","")))) -> ALPHA LOGISTICS | F6: =IF(COUNTIF($E$2:$E$21,E6)>1,"Possible duplicate","OK") -> Possible duplicate | G6: =IF(TRIM(C6)="","",IFERROR(INDEX(Country_Map!$B$2:$B$100,MATCH(C6,Country_Map!$A$2:$A$100,0)),"?")) -> DE | H6: =IF(TRIM(C6)="","Missing",IF(G6="?","Unknown value",IF(EXACT(C6,G6),"OK","Non-standard"))) -> Non-standard | I6: =IF(TRIM(D6)="","Missing owner","OK") -> OK | J6: =SUMIFS(Bookings!$F:$F,Bookings!$B:$B,A6) -> 411398 | K6: =RANK(J6,$J$2:$J$21) -> 2 | L6: =IF(AND(F6="OK",H6="OK",I6="OK"),"Clean","To fix") -> To fix
A7: C006 | B7: Pacific Fresh Ltd | C7: SG | D7: Wei Tan | E7: =IFERROR(LEFT(UPPER(TRIM(SUBSTITUTE(SUBSTITUTE(B7,".",""),",",""))),FIND(" ",UPPER(TRIM(SUBSTITUTE(SUBSTITUTE(B7,".",""),",",""))),FIND(" ",UPPER(TRIM(SUBSTITUTE(SUBSTITUTE(B7,".",""),",",""))))+1)-1),UPPER(TRIM(SUBSTITUTE(SUBSTITUTE(B7,".",""),",","")))) -> PACIFIC FRESH | F7: =IF(COUNTIF($E$2:$E$21,E7)>1,"Possible duplicate","OK") -> Possible duplicate | G7: =IF(TRIM(C7)="","",IFERROR(INDEX(Country_Map!$B$2:$B$100,MATCH(C7,Country_Map!$A$2:$A$100,0)),"?")) -> SG | H7: =IF(TRIM(C7)="","Missing",IF(G7="?","Unknown value",IF(EXACT(C7,G7),"OK","Non-standard"))) -> OK | I7: =IF(TRIM(D7)="","Missing owner","OK") -> OK | J7: =SUMIFS(Bookings!$F:$F,Bookings!$B:$B,A7) -> 233480 | K7: =RANK(J7,$J$2:$J$21) -> 10 | L7: =IF(AND(F7="OK",H7="OK",I7="OK"),"Clean","To fix") -> To fix
A8: C007 | B8: Pacific Fresh Limited | D8: Wei Tan | E8: =IFERROR(LEFT(UPPER(TRIM(SUBSTITUTE(SUBSTITUTE(B8,".",""),",",""))),FIND(" ",UPPER(TRIM(SUBSTITUTE(SUBSTITUTE(B8,".",""),",",""))),FIND(" ",UPPER(TRIM(SUBSTITUTE(SUBSTITUTE(B8,".",""),",",""))))+1)-1),UPPER(TRIM(SUBSTITUTE(SUBSTITUTE(B8,".",""),",","")))) -> PACIFIC FRESH | F8: =IF(COUNTIF($E$2:$E$21,E8)>1,"Possible duplicate","OK") -> Possible duplicate | G8: =IF(TRIM(C8)="","",IFERROR(INDEX(Country_Map!$B$2:$B$100,MATCH(C8,Country_Map!$A$2:$A$100,0)),"?")) | H8: =IF(TRIM(C8)="","Missing",IF(G8="?","Unknown value",IF(EXACT(C8,G8),"OK","Non-standard"))) -> Missing | I8: =IF(TRIM(D8)="","Missing owner","OK") -> OK | J8: =SUMIFS(Bookings!$F:$F,Bookings!$B:$B,A8) -> 223742 | K8: =RANK(J8,$J$2:$J$21) -> 12 | L8: =IF(AND(F8="OK",H8="OK",I8="OK"),"Clean","To fix") -> To fix
A9: C008 | B9: Andes Fruit SA | C9: CL | D9: Carla Ruiz | E9: =IFERROR(LEFT(UPPER(TRIM(SUBSTITUTE(SUBSTITUTE(B9,".",""),",",""))),FIND(" ",UPPER(TRIM(SUBSTITUTE(SUBSTITUTE(B9,".",""),",",""))),FIND(" ",UPPER(TRIM(SUBSTITUTE(SUBSTITUTE(B9,".",""),",",""))))+1)-1),UPPER(TRIM(SUBSTITUTE(SUBSTITUTE(B9,".",""),",","")))) -> ANDES FRUIT | F9: =IF(COUNTIF($E$2:$E$21,E9)>1,"Possible duplicate","OK") -> Possible duplicate | G9: =IF(TRIM(C9)="","",IFERROR(INDEX(Country_Map!$B$2:$B$100,MATCH(C9,Country_Map!$A$2:$A$100,0)),"?")) -> CL | H9: =IF(TRIM(C9)="","Missing",IF(G9="?","Unknown value",IF(EXACT(C9,G9),"OK","Non-standard"))) -> OK | I9: =IF(TRIM(D9)="","Missing owner","OK") -> OK | J9: =SUMIFS(Bookings!$F:$F,Bookings!$B:$B,A9) -> 209942 | K9: =RANK(J9,$J$2:$J$21) -> 16 | L9: =IF(AND(F9="OK",H9="OK",I9="OK"),"Clean","To fix") -> To fix
A10: C009 | B10: Andes Fruit S.A. | C10: Chile | E10: =IFERROR(LEFT(UPPER(TRIM(SUBSTITUTE(SUBSTITUTE(B10,".",""),",",""))),FIND(" ",UPPER(TRIM(SUBSTITUTE(SUBSTITUTE(B10,".",""),",",""))),FIND(" ",UPPER(TRIM(SUBSTITUTE(SUBSTITUTE(B10,".",""),",",""))))+1)-1),UPPER(TRIM(SUBSTITUTE(SUBSTITUTE(B10,".",""),",","")))) -> ANDES FRUIT | F10: =IF(COUNTIF($E$2:$E$21,E10)>1,"Possible duplicate","OK") -> Possible duplicate | G10: =IF(TRIM(C10)="","",IFERROR(INDEX(Country_Map!$B$2:$B$100,MATCH(C10,Country_Map!$A$2:$A$100,0)),"?")) -> CL | H10: =IF(TRIM(C10)="","Missing",IF(G10="?","Unknown value",IF(EXACT(C10,G10),"OK","Non-standard"))) -> Non-standard | I10: =IF(TRIM(D10)="","Missing owner","OK") -> Missing owner | J10: =SUMIFS(Bookings!$F:$F,Bookings!$B:$B,A10) -> 227374 | K10: =RANK(J10,$J$2:$J$21) -> 11 | L10: =IF(AND(F10="OK",H10="OK",I10="OK"),"Clean","To fix") -> To fix
A11: C010 | B11: Bremen Machinery GmbH | C11: DE | D11: Jonas Weber | E11: =IFERROR(LEFT(UPPER(TRIM(SUBSTITUTE(SUBSTITUTE(B11,".",""),",",""))),FIND(" ",UPPER(TRIM(SUBSTITUTE(SUBSTITUTE(B11,".",""),",",""))),FIND(" ",UPPER(TRIM(SUBSTITUTE(SUBSTITUTE(B11,".",""),",",""))))+1)-1),UPPER(TRIM(SUBSTITUTE(SUBSTITUTE(B11,".",""),",","")))) -> BREMEN MACHINERY | F11: =IF(COUNTIF($E$2:$E$21,E11)>1,"Possible duplicate","OK") -> Possible duplicate | G11: =IF(TRIM(C11)="","",IFERROR(INDEX(Country_Map!$B$2:$B$100,MATCH(C11,Country_Map!$A$2:$A$100,0)),"?")) -> DE | H11: =IF(TRIM(C11)="","Missing",IF(G11="?","Unknown value",IF(EXACT(C11,G11),"OK","Non-standard"))) -> OK | I11: =IF(TRIM(D11)="","Missing owner","OK") -> OK | J11: =SUMIFS(Bookings!$F:$F,Bookings!$B:$B,A11) -> 215824 | K11: =RANK(J11,$J$2:$J$21) -> 13 | L11: =IF(AND(F11="OK",H11="OK",I11="OK"),"Clean","To fix") -> To fix
A12: C011 | B12: Atlantic Chem Inc | C12: US | D12: Mark Ellis | E12: =IFERROR(LEFT(UPPER(TRIM(SUBSTITUTE(SUBSTITUTE(B12,".",""),",",""))),FIND(" ",UPPER(TRIM(SUBSTITUTE(SUBSTITUTE(B12,".",""),",",""))),FIND(" ",UPPER(TRIM(SUBSTITUTE(SUBSTITUTE(B12,".",""),",",""))))+1)-1),UPPER(TRIM(SUBSTITUTE(SUBSTITUTE(B12,".",""),",","")))) -> ATLANTIC CHEM | F12: =IF(COUNTIF($E$2:$E$21,E12)>1,"Possible duplicate","OK") -> OK | G12: =IF(TRIM(C12)="","",IFERROR(INDEX(Country_Map!$B$2:$B$100,MATCH(C12,Country_Map!$A$2:$A$100,0)),"?")) -> US | H12: =IF(TRIM(C12)="","Missing",IF(G12="?","Unknown value",IF(EXACT(C12,G12),"OK","Non-standard"))) -> OK | I12: =IF(TRIM(D12)="","Missing owner","OK") -> OK | J12: =SUMIFS(Bookings!$F:$F,Bookings!$B:$B,A12) -> 146368 | K12: =RANK(J12,$J$2:$J$21) -> 19 | L12: =IF(AND(F12="OK",H12="OK",I12="OK"),"Clean","To fix") -> Clean
A13: C012 | B13: Atlantic Chemicals Inc. | C13: USA | D13: Mark Ellis | E13: =IFERROR(LEFT(UPPER(TRIM(SUBSTITUTE(SUBSTITUTE(B13,".",""),",",""))),FIND(" ",UPPER(TRIM(SUBSTITUTE(SUBSTITUTE(B13,".",""),",",""))),FIND(" ",UPPER(TRIM(SUBSTITUTE(SUBSTITUTE(B13,".",""),",",""))))+1)-1),UPPER(TRIM(SUBSTITUTE(SUBSTITUTE(B13,".",""),",","")))) -> ATLANTIC CHEMICALS | F13: =IF(COUNTIF($E$2:$E$21,E13)>1,"Possible duplicate","OK") -> OK | G13: =IF(TRIM(C13)="","",IFERROR(INDEX(Country_Map!$B$2:$B$100,MATCH(C13,Country_Map!$A$2:$A$100,0)),"?")) -> US | H13: =IF(TRIM(C13)="","Missing",IF(G13="?","Unknown value",IF(EXACT(C13,G13),"OK","Non-standard"))) -> Non-standard | I13: =IF(TRIM(D13)="","Missing owner","OK") -> OK | J13: =SUMIFS(Bookings!$F:$F,Bookings!$B:$B,A13) -> 215388 | K13: =RANK(J13,$J$2:$J$21) -> 14 | L13: =IF(AND(F13="OK",H13="OK",I13="OK"),"Clean","To fix") -> To fix
A14: C013 | B14: Shanghai Textiles Co | C14: CN | D14: Wei Tan | E14: =IFERROR(LEFT(UPPER(TRIM(SUBSTITUTE(SUBSTITUTE(B14,".",""),",",""))),FIND(" ",UPPER(TRIM(SUBSTITUTE(SUBSTITUTE(B14,".",""),",",""))),FIND(" ",UPPER(TRIM(SUBSTITUTE(SUBSTITUTE(B14,".",""),",",""))))+1)-1),UPPER(TRIM(SUBSTITUTE(SUBSTITUTE(B14,".",""),",","")))) -> SHANGHAI TEXTILES | F14: =IF(COUNTIF($E$2:$E$21,E14)>1,"Possible duplicate","OK") -> OK | G14: =IF(TRIM(C14)="","",IFERROR(INDEX(Country_Map!$B$2:$B$100,MATCH(C14,Country_Map!$A$2:$A$100,0)),"?")) -> CN | H14: =IF(TRIM(C14)="","Missing",IF(G14="?","Unknown value",IF(EXACT(C14,G14),"OK","Non-standard"))) -> OK | I14: =IF(TRIM(D14)="","Missing owner","OK") -> OK | J14: =SUMIFS(Bookings!$F:$F,Bookings!$B:$B,A14) -> 522250 | K14: =RANK(J14,$J$2:$J$21) -> 1 | L14: =IF(AND(F14="OK",H14="OK",I14="OK"),"Clean","To fix") -> Clean
A15: C014 | B15: Rotterdam Retail BV | C15: NL | D15: Sanne de Vries | E15: =IFERROR(LEFT(UPPER(TRIM(SUBSTITUTE(SUBSTITUTE(B15,".",""),",",""))),FIND(" ",UPPER(TRIM(SUBSTITUTE(SUBSTITUTE(B15,".",""),",",""))),FIND(" ",UPPER(TRIM(SUBSTITUTE(SUBSTITUTE(B15,".",""),",",""))))+1)-1),UPPER(TRIM(SUBSTITUTE(SUBSTITUTE(B15,".",""),",","")))) -> ROTTERDAM RETAIL | F15: =IF(COUNTIF($E$2:$E$21,E15)>1,"Possible duplicate","OK") -> OK | G15: =IF(TRIM(C15)="","",IFERROR(INDEX(Country_Map!$B$2:$B$100,MATCH(C15,Country_Map!$A$2:$A$100,0)),"?")) -> NL | H15: =IF(TRIM(C15)="","Missing",IF(G15="?","Unknown value",IF(EXACT(C15,G15),"OK","Non-standard"))) -> OK | I15: =IF(TRIM(D15)="","Missing owner","OK") -> OK | J15: =SUMIFS(Bookings!$F:$F,Bookings!$B:$B,A15) -> 335586 | K15: =RANK(J15,$J$2:$J$21) -> 4 | L15: =IF(AND(F15="OK",H15="OK",I15="OK"),"Clean","To fix") -> Clean
A16: C015 | B16: Med Olive Oil SpA | C16: IT | D16: Luca Romano | E16: =IFERROR(LEFT(UPPER(TRIM(SUBSTITUTE(SUBSTITUTE(B16,".",""),",",""))),FIND(" ",UPPER(TRIM(SUBSTITUTE(SUBSTITUTE(B16,".",""),",",""))),FIND(" ",UPPER(TRIM(SUBSTITUTE(SUBSTITUTE(B16,".",""),",",""))))+1)-1),UPPER(TRIM(SUBSTITUTE(SUBSTITUTE(B16,".",""),",","")))) -> MED OLIVE | F16: =IF(COUNTIF($E$2:$E$21,E16)>1,"Possible duplicate","OK") -> OK | G16: =IF(TRIM(C16)="","",IFERROR(INDEX(Country_Map!$B$2:$B$100,MATCH(C16,Country_Map!$A$2:$A$100,0)),"?")) -> IT | H16: =IF(TRIM(C16)="","Missing",IF(G16="?","Unknown value",IF(EXACT(C16,G16),"OK","Non-standard"))) -> OK | I16: =IF(TRIM(D16)="","Missing owner","OK") -> OK | J16: =SUMIFS(Bookings!$F:$F,Bookings!$B:$B,A16) -> 324378 | K16: =RANK(J16,$J$2:$J$21) -> 5 | L16: =IF(AND(F16="OK",H16="OK",I16="OK"),"Clean","To fix") -> Clean
A17: C016 | B17: Gulf Plastics LLC | C17: AE | E17: =IFERROR(LEFT(UPPER(TRIM(SUBSTITUTE(SUBSTITUTE(B17,".",""),",",""))),FIND(" ",UPPER(TRIM(SUBSTITUTE(SUBSTITUTE(B17,".",""),",",""))),FIND(" ",UPPER(TRIM(SUBSTITUTE(SUBSTITUTE(B17,".",""),",",""))))+1)-1),UPPER(TRIM(SUBSTITUTE(SUBSTITUTE(B17,".",""),",","")))) -> GULF PLASTICS | F17: =IF(COUNTIF($E$2:$E$21,E17)>1,"Possible duplicate","OK") -> OK | G17: =IF(TRIM(C17)="","",IFERROR(INDEX(Country_Map!$B$2:$B$100,MATCH(C17,Country_Map!$A$2:$A$100,0)),"?")) -> AE | H17: =IF(TRIM(C17)="","Missing",IF(G17="?","Unknown value",IF(EXACT(C17,G17),"OK","Non-standard"))) -> OK | I17: =IF(TRIM(D17)="","Missing owner","OK") -> Missing owner | J17: =SUMIFS(Bookings!$F:$F,Bookings!$B:$B,A17) -> 321096 | K17: =RANK(J17,$J$2:$J$21) -> 6 | L17: =IF(AND(F17="OK",H17="OK",I17="OK"),"Clean","To fix") -> To fix
A18: C017 | B18: Baltic Paper AS | C18: EE | D18: Lena Berg | E18: =IFERROR(LEFT(UPPER(TRIM(SUBSTITUTE(SUBSTITUTE(B18,".",""),",",""))),FIND(" ",UPPER(TRIM(SUBSTITUTE(SUBSTITUTE(B18,".",""),",",""))),FIND(" ",UPPER(TRIM(SUBSTITUTE(SUBSTITUTE(B18,".",""),",",""))))+1)-1),UPPER(TRIM(SUBSTITUTE(SUBSTITUTE(B18,".",""),",","")))) -> BALTIC PAPER | F18: =IF(COUNTIF($E$2:$E$21,E18)>1,"Possible duplicate","OK") -> OK | G18: =IF(TRIM(C18)="","",IFERROR(INDEX(Country_Map!$B$2:$B$100,MATCH(C18,Country_Map!$A$2:$A$100,0)),"?")) -> EE | H18: =IF(TRIM(C18)="","Missing",IF(G18="?","Unknown value",IF(EXACT(C18,G18),"OK","Non-standard"))) -> OK | I18: =IF(TRIM(D18)="","Missing owner","OK") -> OK | J18: =SUMIFS(Bookings!$F:$F,Bookings!$B:$B,A18) -> 176538 | K18: =RANK(J18,$J$2:$J$21) -> 17 | L18: =IF(AND(F18="OK",H18="OK",I18="OK"),"Clean","To fix") -> Clean
A19: C018 | B19: Iberia Wines SL | C19: ES | D19: Carla Ruiz | E19: =IFERROR(LEFT(UPPER(TRIM(SUBSTITUTE(SUBSTITUTE(B19,".",""),",",""))),FIND(" ",UPPER(TRIM(SUBSTITUTE(SUBSTITUTE(B19,".",""),",",""))),FIND(" ",UPPER(TRIM(SUBSTITUTE(SUBSTITUTE(B19,".",""),",",""))))+1)-1),UPPER(TRIM(SUBSTITUTE(SUBSTITUTE(B19,".",""),",","")))) -> IBERIA WINES | F19: =IF(COUNTIF($E$2:$E$21,E19)>1,"Possible duplicate","OK") -> Possible duplicate | G19: =IF(TRIM(C19)="","",IFERROR(INDEX(Country_Map!$B$2:$B$100,MATCH(C19,Country_Map!$A$2:$A$100,0)),"?")) -> ES | H19: =IF(TRIM(C19)="","Missing",IF(G19="?","Unknown value",IF(EXACT(C19,G19),"OK","Non-standard"))) -> OK | I19: =IF(TRIM(D19)="","Missing owner","OK") -> OK | J19: =SUMIFS(Bookings!$F:$F,Bookings!$B:$B,A19) -> 133164 | K19: =RANK(J19,$J$2:$J$21) -> 20 | L19: =IF(AND(F19="OK",H19="OK",I19="OK"),"Clean","To fix") -> To fix
A20: C019 | B20: Iberia Wines S.L. | C20: Spain | D20: Carla Ruiz | E20: =IFERROR(LEFT(UPPER(TRIM(SUBSTITUTE(SUBSTITUTE(B20,".",""),",",""))),FIND(" ",UPPER(TRIM(SUBSTITUTE(SUBSTITUTE(B20,".",""),",",""))),FIND(" ",UPPER(TRIM(SUBSTITUTE(SUBSTITUTE(B20,".",""),",",""))))+1)-1),UPPER(TRIM(SUBSTITUTE(SUBSTITUTE(B20,".",""),",","")))) -> IBERIA WINES | F20: =IF(COUNTIF($E$2:$E$21,E20)>1,"Possible duplicate","OK") -> Possible duplicate | G20: =IF(TRIM(C20)="","",IFERROR(INDEX(Country_Map!$B$2:$B$100,MATCH(C20,Country_Map!$A$2:$A$100,0)),"?")) -> ES | H20: =IF(TRIM(C20)="","Missing",IF(G20="?","Unknown value",IF(EXACT(C20,G20),"OK","Non-standard"))) -> Non-standard | I20: =IF(TRIM(D20)="","Missing owner","OK") -> OK | J20: =SUMIFS(Bookings!$F:$F,Bookings!$B:$B,A20) -> 156330 | K20: =RANK(J20,$J$2:$J$21) -> 18 | L20: =IF(AND(F20="OK",H20="OK",I20="OK"),"Clean","To fix") -> To fix
A21: C020 | B21: Bremen Machinery | C21: Deutschland | D21: Jonas Weber | E21: =IFERROR(LEFT(UPPER(TRIM(SUBSTITUTE(SUBSTITUTE(B21,".",""),",",""))),FIND(" ",UPPER(TRIM(SUBSTITUTE(SUBSTITUTE(B21,".",""),",",""))),FIND(" ",UPPER(TRIM(SUBSTITUTE(SUBSTITUTE(B21,".",""),",",""))))+1)-1),UPPER(TRIM(SUBSTITUTE(SUBSTITUTE(B21,".",""),",","")))) -> BREMEN MACHINERY | F21: =IF(COUNTIF($E$2:$E$21,E21)>1,"Possible duplicate","OK") -> Possible duplicate | G21: =IF(TRIM(C21)="","",IFERROR(INDEX(Country_Map!$B$2:$B$100,MATCH(C21,Country_Map!$A$2:$A$100,0)),"?")) -> DE | H21: =IF(TRIM(C21)="","Missing",IF(G21="?","Unknown value",IF(EXACT(C21,G21),"OK","Non-standard"))) -> Non-standard | I21: =IF(TRIM(D21)="","Missing owner","OK") -> OK | J21: =SUMIFS(Bookings!$F:$F,Bookings!$B:$B,A21) -> 252862 | K21: =RANK(J21,$J$2:$J$21) -> 8 | L21: =IF(AND(F21="OK",H21="OK",I21="OK"),"Clean","To fix") -> To fix

Sheet Mapping
A1: CustomerID | B1: MasterID
A2: C001 | B2: M01
A3: C002 | B3: M01
A4: C003 | B4: M01
A5: C004 | B5: M02
A6: C005 | B6: M02
A7: C006 | B7: M03
A8: C007 | B8: M03
A9: C008 | B9: M04
A10: C009 | B10: M04
A11: C010 | B11: M05
A12: C011 | B12: M06
... A21: C020 | B21: M05

Sheet Customer_Master
A1: MasterID | B1: MasterName | C1: Country | D1: CustomerGroup | E1: SalesOwner | F1: Raw records | G1: Revenue (clean view) | H1: Rank (clean view)
A2: M01 | B2: Nordic Foods AB | C2: Sweden | D2: Nordic Foods Group | E2: Lena Berg | F2: =COUNTIF(Mapping!$B:$B,A2) -> 3 | G2: =SUMIFS(Bookings!$F:$F,Bookings!$G:$G,A2) -> 832446 | H2: =RANK(G2,$G$2:$G$13) -> 1
A3: M02 | B3: Alpha Logistics GmbH | C3: Germany | D3: Alpha Group | E3: Jonas Weber | F3: =COUNTIF(Mapping!$B:$B,A3) -> 2 | G3: =SUMIFS(Bookings!$F:$F,Bookings!$G:$G,A3) -> 663222 | H3: =RANK(G3,$G$2:$G$13) -> 2
A4: M03 | B4: Pacific Fresh Ltd | C4: Singapore | D4: Pacific Fresh | E4: Wei Tan | F4: =COUNTIF(Mapping!$B:$B,A4) -> 2 | G4: =SUMIFS(Bookings!$F:$F,Bookings!$G:$G,A4) -> 457222 | H4: =RANK(G4,$G$2:$G$13) -> 5
A5: M04 | B5: Andes Fruit SA | C5: Chile | D5: Andes Fruit | E5: Carla Ruiz | F5: =COUNTIF(Mapping!$B:$B,A5) -> 2 | G5: =SUMIFS(Bookings!$F:$F,Bookings!$G:$G,A5) -> 437316 | H5: =RANK(G5,$G$2:$G$13) -> 6
A6: M05 | B6: Bremen Machinery GmbH | C6: Germany | D6: Bremen Industrie | E6: Jonas Weber | F6: =COUNTIF(Mapping!$B:$B,A6) -> 2 | G6: =SUMIFS(Bookings!$F:$F,Bookings!$G:$G,A6) -> 468686 | H6: =RANK(G6,$G$2:$G$13) -> 4
A7: M06 | B7: Atlantic Chem Inc | C7: USA | D7: Atlantic Chem | E7: Mark Ellis | F7: =COUNTIF(Mapping!$B:$B,A7) -> 2 | G7: =SUMIFS(Bookings!$F:$F,Bookings!$G:$G,A7) -> 361756 | H7: =RANK(G7,$G$2:$G$13) -> 7
A8: M07 | B8: Shanghai Textiles Co | C8: China | D8: Shanghai Textiles | E8: Wei Tan | F8: =COUNTIF(Mapping!$B:$B,A8) -> 1 | G8: =SUMIFS(Bookings!$F:$F,Bookings!$G:$G,A8) -> 522250 | H8: =RANK(G8,$G$2:$G$13) -> 3
A9: M08 | B9: Rotterdam Retail BV | C9: Netherlands | D9: RR Holding | E9: Sanne de Vries | F9: =COUNTIF(Mapping!$B:$B,A9) -> 1 | G9: =SUMIFS(Bookings!$F:$F,Bookings!$G:$G,A9) -> 335586 | H9: =RANK(G9,$G$2:$G$13) -> 8
A10: M09 | B10: Med Olive Oil SpA | C10: Italy | D10: Med Olive | E10: Luca Romano | F10: =COUNTIF(Mapping!$B:$B,A10) -> 1 | G10: =SUMIFS(Bookings!$F:$F,Bookings!$G:$G,A10) -> 324378 | H10: =RANK(G10,$G$2:$G$13) -> 9
A11: M10 | B11: Gulf Plastics LLC | C11: UAE | D11: Gulf Plastics | E11: Omar Haddad | F11: =COUNTIF(Mapping!$B:$B,A11) -> 1 | G11: =SUMIFS(Bookings!$F:$F,Bookings!$G:$G,A11) -> 321096 | H11: =RANK(G11,$G$2:$G$13) -> 10
A12: M11 | B12: Baltic Paper AS | C12: Estonia | D12: Baltic Paper | E12: Lena Berg | F12: =COUNTIF(Mapping!$B:$B,A12) -> 1 | G12: =SUMIFS(Bookings!$F:$F,Bookings!$G:$G,A12) -> 176538 | H12: =RANK(G12,$G$2:$G$13) -> 12
A13: M12 | B13: Iberia Wines SL | C13: Spain | D13: Iberia Wines | E13: Carla Ruiz | F13: =COUNTIF(Mapping!$B:$B,A13) -> 2 | G13: =SUMIFS(Bookings!$F:$F,Bookings!$G:$G,A13) -> 289494 | H13: =RANK(G13,$G$2:$G$13) -> 11

Sheet Bookings
A1: BookingID | B1: CustomerID | C1: TradeLane | D1: Month | E1: TEU | F1: Revenue | G1: MasterID (mapped)
A2: B0001 | B2: C003 | C2: Latin America–Europe | D2: 2026-02 | E2: 2 | F2: 2902 | G2: =IFERROR(INDEX(Mapping!$B$2:$B$100,MATCH(B2,Mapping!$A$2:$A$100,0)),"UNMATCHED") -> M01
A3: B0002 | B3: C001 | C3: Middle East–Europe | D3: 2026-01 | E3: 4 | F3: 6436 | G3: =IFERROR(INDEX(Mapping!$B$2:$B$100,MATCH(B3,Mapping!$A$2:$A$100,0)),"UNMATCHED") -> M01
A4: B0003 | B4: C003 | C4: Asia–North Europe | D4: 2026-01 | E4: 8 | F4: 11720 | G4: =IFERROR(INDEX(Mapping!$B$2:$B$100,MATCH(B4,Mapping!$A$2:$A$100,0)),"UNMATCHED") -> M01
A5: B0004 | B5: C001 | C5: Middle East–Europe | D5: 2026-01 | E5: 4 | F5: 9736 | G5: =IFERROR(INDEX(Mapping!$B$2:$B$100,MATCH(B5,Mapping!$A$2:$A$100,0)),"UNMATCHED") -> M01
A6: B0005 | B6: C003 | C6: Intra-Europe | D6: 2026-02 | E6: 4 | F6: 10064 | G6: =IFERROR(INDEX(Mapping!$B$2:$B$100,MATCH(B6,Mapping!$A$2:$A$100,0)),"UNMATCHED") -> M01
A7: B0006 | B7: C002 | C7: Asia–North Europe | D7: 2026-02 | E7: 10 | F7: 19690 | G7: =IFERROR(INDEX(Mapping!$B$2:$B$100,MATCH(B7,Mapping!$A$2:$A$100,0)),"UNMATCHED") -> M01
A8: B0007 | B8: C003 | C8: Latin America–Europe | D8: 2026-02 | E8: 8 | F8: 16768 | G8: =IFERROR(INDEX(Mapping!$B$2:$B$100,MATCH(B8,Mapping!$A$2:$A$100,0)),"UNMATCHED") -> M01
A9: B0008 | B9: C001 | C9: Asia–North Europe | D9: 2026-04 | E9: 6 | F9: 9654 | G9: =IFERROR(INDEX(Mapping!$B$2:$B$100,MATCH(B9,Mapping!$A$2:$A$100,0)),"UNMATCHED") -> M01
A10: B0009 | B10: C001 | C10: Middle East–Europe | D10: 2026-03 | E10: 6 | F10: 12624 | G10: =IFERROR(INDEX(Mapping!$B$2:$B$100,MATCH(B10,Mapping!$A$2:$A$100,0)),"UNMATCHED") -> M01
A11: B0010 | B11: C001 | C11: Middle East–Europe | D11: 2026-01 | E11: 12 | F11: 28080 | G11: =IFERROR(INDEX(Mapping!$B$2:$B$100,MATCH(B11,Mapping!$A$2:$A$100,0)),"UNMATCHED") -> M01
A12: B0011 | B12: C002 | C12: Latin America–Europe | D12: 2026-06 | E12: 2 | F12: 5060 | G12: =IFERROR(INDEX(Mapping!$B$2:$B$100,MATCH(B12,Mapping!$A$2:$A$100,0)),"UNMATCHED") -> M01
A13: B0012 | B13: C003 | C13: Transatlantic | D13: 2026-06 | E13: 6 | F13: 15492 | G13: =IFERROR(INDEX(Mapping!$B$2:$B$100,MATCH(B13,Mapping!$A$2:$A$100,0)),"UNMATCHED") -> M01
... A375: B0374 | B375: C100 | C375: Middle East–Europe | D375: 2026-06 | E375: 4 | F375: 9088 | G375: =IFERROR(INDEX(Mapping!$B$2:$B$100,MATCH(B375,Mapping!$A$2:$A$100,0)),"UNMATCHED") -> UNMATCHED
A376: B0375 | C376: Intra-Europe | D376: 2026-03 | E376: 2 | F376: 4630 | G376: =IFERROR(INDEX(Mapping!$B$2:$B$100,MATCH(B376,Mapping!$A$2:$A$100,0)),"UNMATCHED") -> UNMATCHED
A377: B0376 | C377: Latin America–Europe | D377: 2026-05 | E377: 2 | F377: 4580 | G377: =IFERROR(INDEX(Mapping!$B$2:$B$100,MATCH(B377,Mapping!$A$2:$A$100,0)),"UNMATCHED") -> UNMATCHED
A378: B0377 | C378: Asia–North Europe | D378: 2026-01 | E378: 4 | F378: 8924 | G378: =IFERROR(INDEX(Mapping!$B$2:$B$100,MATCH(B378,Mapping!$A$2:$A$100,0)),"UNMATCHED") -> UNMATCHED
A379: B0378 | C379: Transatlantic | D379: 2026-01 | E379: 4 | F379: 6768 | G379: =IFERROR(INDEX(Mapping!$B$2:$B$100,MATCH(B379,Mapping!$A$2:$A$100,0)),"UNMATCHED") -> UNMATCHED
A380: B0379 | C380: Intra-Europe | D380: 2026-01 | E380: 6 | F380: 9948 | G380: =IFERROR(INDEX(Mapping!$B$2:$B$100,MATCH(B380,Mapping!$A$2:$A$100,0)),"UNMATCHED") -> UNMATCHED
A381: B0380 | B381: C099 | C381: Latin America–Europe | D381: 2026-03 | E381: 2 | F381: 4368 | G381: =IFERROR(INDEX(Mapping!$B$2:$B$100,MATCH(B381,Mapping!$A$2:$A$100,0)),"UNMATCHED") -> UNMATCHED
A382: B0381 | B382: C099 | C382: Middle East–Europe | D382: 2026-02 | E382: 6 | F382: 13926 | G382: =IFERROR(INDEX(Mapping!$B$2:$B$100,MATCH(B382,Mapping!$A$2:$A$100,0)),"UNMATCHED") -> UNMATCHED
A383: B0382 | B383: C100 | C383: Intra-Europe | D383: 2026-01 | E383: 4 | F383: 10300 | G383: =IFERROR(INDEX(Mapping!$B$2:$B$100,MATCH(B383,Mapping!$A$2:$A$100,0)),"UNMATCHED") -> UNMATCHED
A384: B0383 | C384: Latin America–Europe | D384: 2026-04 | E384: 2 | F384: 4086 | G384: =IFERROR(INDEX(Mapping!$B$2:$B$100,MATCH(B384,Mapping!$A$2:$A$100,0)),"UNMATCHED") -> UNMATCHED
A385: B0384 | B385: C100 | C385: Transatlantic | D385: 2026-01 | E385: 6 | F385: 8718 | G385: =IFERROR(INDEX(Mapping!$B$2:$B$100,MATCH(B385,Mapping!$A$2:$A$100,0)),"UNMATCHED") -> UNMATCHED
A386: B0385 | B386: C099 | C386: Intra-Europe | D386: 2026-05 | E386: 6 | F386: 13152 | G386: =IFERROR(INDEX(Mapping!$B$2:$B$100,MATCH(B386,Mapping!$A$2:$A$100,0)),"UNMATCHED") -> UNMATCHED
A387: B0386 | B387: C099 | C387: Latin America–Europe | D387: 2026-03 | E387: 6 | F387: 13878 | G387: =IFERROR(INDEX(Mapping!$B$2:$B$100,MATCH(B387,Mapping!$A$2:$A$100,0)),"UNMATCHED") -> UNMATCHED
A388: B0387 | C388: Latin America–Europe | D388: 2026-06 | E388: 2 | F388: 4810 | G388: =IFERROR(INDEX(Mapping!$B$2:$B$100,MATCH(B388,Mapping!$A$2:$A$100,0)),"UNMATCHED") -> UNMATCHED
A389: B0388 | B389: C099 | C389: Transatlantic | D389: 2026-01 | E389: 2 | F389: 4650 | G389: =IFERROR(INDEX(Mapping!$B$2:$B$100,MATCH(B389,Mapping!$A$2:$A$100,0)),"UNMATCHED") -> UNMATCHED

Sheet Country_Map
A1: Value as typed | B1: ISO code
A2: SE | B2: SE
A3: Sweden | B3: SE
A4: Schweden | B4: SE
A5: DE | B5: DE
A6: Germany | B6: DE
A7: Deutschland | B7: DE
A8: SG | B8: SG
A9: CL | B9: CL
A10: Chile | B10: CL
A11: US | B11: US
A12: USA | B12: US
... A19: Spain | B19: ES
